Week4
1.	Find the maximum and average capacity of buildings in the university.
SQL> select max(capacity),avg(capacity) from classroom;

MAX(CAPACITY) AVG(CAPACITY)
------------- -------------
          500           132
2.	Display the least budget of the departments.
SQL> select min(budget) from department;

MIN(BUDGET)
-----------
      50000
3.	Find the total number of courses and credits offered by Biology department.
SQL> select count(course_id),sum(credits) from course where lower(dept_name)='biology';

COUNT(COURSE_ID) SUM(CREDITS)
---------------- ------------
               3           11
4.	Find the average salary of instructors in the Computer Science department
SQL> select avg(salary) from instructor where lower(dept_name)='comp. sci.';

AVG(SALARY)
-----------
 77333.3333
5.	Find the total number of instructors who teach a course in the Spring 2010 semester.
Select count(*) from teaches where semester=’Spring’ and year=2010;
COUNT(*)
---------
        7
6.	Find the average salary in each department.
SQL> select dept_name,avg(salary) from instructor group by dept_name;

DEPT_NAME            AVG(SALARY)
-------------------- -----------
Biology                    72000
Comp. Sci.            77333.3333
Elec. Eng.                 80000
Finance                    85000
History                    61000
Music                      40000
Physics                    91000

7 rows selected.
7.	Find the number of instructors in each department who teach a course in the Spring 2010 semester

select dept_name,count(distinct i.id) from instructor i,teaches t where i.id=t.id and lower(semester)='spring' and year=2010 group by dept_name

DEPT_NAME            COUNT(DISTINCTI.ID)
-------------------- -------------------
Comp. Sci.                             3
Finance                                1
History                                1
Music                                  1

8. Find the department name and average salary of the department for only those departments where the average salary of the instructors is more than $42,000.

select dept_name,avg(salary) from instructor group by dept_name having avg(salary)>42000;

DEPT_NAME            AVG(SALARY)
-------------------- -----------
Biology                    72000
Comp. Sci.            77333.3333
Elec. Eng.                 80000
Finance                    85000
History                    61000
Physics                    91000

6 rows selected.

9. For each course section offered in 2009, find the average total credits (tot_cred) of all students enrolled in the section, if the section had at least 2 students.
select t.sec_id,avg(credits) from takes t,section s,course c where  t.sec_id=s.sec_id and s.course_id=c.course_id and t.year=2009 group by t.sec_id having count(distinct t.id)>=2


SEC_ID   AVG(CREDITS)
-------- ------------
1          3.46153846
2                 3.5
10. For each department, find the maximum salary of instructors in that department. You may assume that every department has at least one instructor.
select dept_name,max(salary) from instructor  group by dept_name having count(name)>=1;

DEPT_NAME            MAX(SALARY)
-------------------- -----------
Biology                    72000
Comp. Sci.                 92000
Elec. Eng.                 80000
Finance                    90000
History                    62000
Music                      40000
Physics                    95000

7 rows selected.

11. For the student with ID 12345 (or any other value), show the total number of credits scored for all courses (taken by that student). Don't display the tot_creds value from the student table, you should use SQL aggregation on courses taken by the student.
select sum(credits) from course c,takes t where t.id='12345' and c.course_id=t.course_id ;
SUM(CREDITS)
------------
          14
12. Display the total credits for each of the students, along with the ID of the student; don't bother about the name of the student. (Don't display the tot_creds value from the student table, you should use SQL aggregation on courses taken by the student. For students who have not registered for any course, tot_creds should be 0)
select s.id,sum(credits) from course c,takes t,student s where t.course_id=c.course_id(+) and s.id=t.id(+) group by s.id

ID    SUM(CREDITS)
----- ------------
00128            7
12345           14
19991            3
23121            3
44553            4
45678           11
54321            8
55739            3
70557
76543            7
76653            3

ID    SUM(CREDITS)
----- ------------
98765            7
98988            8

13 rows selected.

1.Find the total number of (distinct) students who have taken course
sections taught by the instructor with ID 110011

select count(distinct(s.id)) as tot_sts from takes s where s.course_id in
(select course_id from teaches where id=10101);

select count(distinct(id)) as tot_std from takes
where(course_id,sec_id,semester,year) in (select course_id,sec_id,semester,year from teaches S where S.id=10101);ed
TOT_STD
----------
6

2.Find the names of all instructors whose salary is greater than at least one
instructor in the Biology department

select name from instructor where salary>(select salary from instructor where dept_name='Biology');

select distinct(T.name) from instructor T, instructor S where T.salary > S.salary and S.dept_name = 'Biology';

select name from instructor where salary > some (select salary from instructor where dept_name = 'Biology');

NAME
--------------------
Wu
Einstein
Gold
Katz
Singh
Brandt
Kim
7 rows selected

3.Find the departments that have the highest average salary
select dept_name from instructor where salary>(select max(avg(salary)) from instructor group by dept_name);
DEPT_NAME
--------------------
Physics
Comp. Sci.

(select max(avg(salary)) from instructor group by dept_name);
MAX(AVG(SALARY))
----------------
91000
select dept_name,avg(salary) as avg_sal from instructor
group by dept_name;
DEPT_NAME AVG_SAL
-------------------- ----------
Biology 72000

Comp. Sci. 77333.3333
Elec. Eng. 80000
Finance 85000
History 61000
Music 40000
Physics 91000

select dept_name,avg(salary) as avg_sal from instructor
group by dept_name
having avg(salary)>=(select max(avg(salary)) from instructor group by dept_name)
DEPT_NAME AVG_SAL
-------------------- ----------
Physics 91000

4.Find all the courses taught in the both the Fall 2009 and Spring 2010
semesters

select distinct(course_id) from section where semester = 'Fall' and year= 2009 and course_id
in
(select course_id from section where semester = 'Spring' and year= 2010);

COURSE_I
--------
CS-101

5.Find all the courses taught in the Fall 2009 semester but not in the Spring
2010 semester
.
select distinct(course_id) from section where semester = 'Fall' and year= 2009 and course_id
not in
(select course_id from section where semester = 'Spring' and year= 2010);

COURSE_I
--------
CS-347
PHY-101

6.Find all courses taught in both the Fall 2009 semester and in the Spring
2010 semester. (Write correlated nested Query)

select course_id from section S where semester = 'Fall' and year= 2009 and
exists (select * from section T where semester = 'Spring' and year= 2010 and S.course_id=
T.course_id);
COURSE_I
--------
CS-101

7.Find all students who have taken all courses offered in the Biology
department. (Write Correlated nested Query)

select distinct(S.ID), S.name from student S
where not exists
((select course_id from course where dept_name = 'Biology')
minus
(select T.course_id from takes T where S.ID = T.ID));
ID NAME
----- --------------------
98988 Tanaka

8.Find all courses that were offered at most once in 2009.

select T.course_id from course T where unique
(select R.course_id from section R where T.course_id= R.course_id and R.year = 2009)

9.Find all courses that were offered at least twice in 2009”

select T.course_id from course T where not unique
(select R.course_id from section R where T.course_id= R.course_id and R.year = 2009)

10.Find the average instructors’ salaries of those departments where the
average salary is greater than $42,000.

select dept_name, avg_salary from
(select dept_name, avg(salary) avg_salary from instructor group by dept_name)
where avg_salary > 42000;
DEPT_NAME AVG_SALARY
-------------------- ----------
Biology 72000
Comp. Sci. 77333.3333
Elec. Eng. 80000
Finance 85000
History 61000
Physics 91000
6 rows selected.

11.. Find the departments with the maximum budget
create view max_department(value) as
select max(budget) as max_budget from department;
View created.
select * from max_department;
VALUE
----------
120000

select dept_name,budget from department,max_department where
department.budget=max_department.value;
DEPT_NAME BUDGET
-------------------- ----------
Finance 120000

12.Find the names of instructors who have not taught any course
select name from (select name,course_id from instructor I,teaches t WHERE I.id=t.id(+))
where course_id is null;

NAME
Singh
Califieri
Gold

13.Find the IDs and names of all students who have not taken any course
offering before Spring 2009.

Select S.id,name from student S
minus
(select distinct(std.id),name from student std,takes T
Where std.id=T.id and year=2009 and (semester='Fall' or semester='Summer'))
ID NAME
----- --------------------
19991 Brandt
23121 Chavez
55739 Sanchez
70557 Snow
76653 Aoi

14.Find the lowest, across all departments, of the per-department maximum
salary computed.

select min(max_salary) as lowest_sal from
(select dept_name,max(salary) as max_salary from instructor
group by dept_name)
LOWEST_SAL
----------
40000

15.Display the IDs and names of the instructors who have taught all Comp. Sci.
courses.

select I.id,name from instructor I,teaches T
where I.id=T.id and course_id = all (select course_id from teaches,instructor where I.id=T.id and
dept_name='Comp. Sci.' );


